Short name	ligands-L	ligands-X	ligands-Z	bond number	electron count	formal charge	ligands-oxo	ligands-carbonyl	ligands-alkoxide	ligands-THF	ligands-siloxide	ligands-Cl	ligands-alkyl	ligands-imido	ligands-bpy	ligands-amide	ligands-acac	ligand-ethylene	bulk-O	bulk-Cl	bulk-Me	symmetry	formal CN	ligands-carbonyl-bin	efermi_e	efermi_slope	pe area	pe center	1st_peak_e	1st_peak_i	pca1	pca2	pca3	scaled_pca1	scaled_pca2	scaled_pca3	value_5995	value_6003	value_6037	value_6043	BL1stCharge	BLvaluesCharge	tsne_pca1_xanes	tsne_pca2_xanes	tsne_pca_scale1_xanes	tsne_pca_scale2_xanes	tsne_values1_features	tsne_values2_features	pls1_xanes_formal CN	pls2_xanes_formal CN	pls1_features_formal charge	pls2_features_formal charge	pls1_features_formal CN	pls2_features_formal CN
6.5d.1	2.0	0.0	3.0	0.0	7.0	6.0	3.0	0.0	0.0	1.0	0.0	0.0	0.0	0.0	0.0	0.0	0.0	0.0	0.0	0.0	0.0	4.0	4.0	0.0	6004.2260631882455	0.1916956286521394	2.195738752670762	5993.277836308436	6012.2368442340585	0.9244336822824214	-20.1863274750671	-3.0824393362826714	-0.5012729804165685	21.53411547616689	-10.661568464149319	-8.828265028424156	0.2167094601737991	0.37921284267460936	1.1536901567044209	1.116726614425959	5.341307540121431	5.6203683779104345	8.202713502990342	-4.405281732344	9.840802570161195	0.5401250790051936	8.551459166979162	2.025969192638631	15.314033853740678	-4.2203266882073915	-4.793861656667557	0.3594864174975164	-2.963304714786573	2.1890450608257934
V.5y.1	1.0	2.0	1.0	3.0	5.0	5.0	1.0	0.0	4.0	0.0	0.0	0.0	0.0	0.0	0.0	0.0	0.0	0.0	0.0	0.0	0.0	3.0	5.0	0.0	6003.484733479286	0.24989856892069207	1.2754525151444454	5992.457730675432	6011.7923738949885	1.0028142359524754	-20.24951720833584	-2.2294932735945903	0.8981106563554118	8.793258197693046	9.546863411431413	-3.687530853333028	0.09130672339782862	0.4199464537199795	1.024840589035693	0.9513940593210369	4.657346547044698	4.629302758681162	6.847872665630933	-3.3509978164440968	4.638562246657056	0.3790483890020863	5.505367501482944	1.037476061446023	-1.1722798899459084	-9.423664046921168	-2.4170510528549083	0.41171711441330777	0.12836187086354992	2.5478217875760496
III.3p.1	0.0	2.0	0.0	0.0	1.0	3.0	0.0	0.0	0.0	0.0	0.0	0.0	3.0	0.0	0.0	0.0	0.0	0.0	0.0	0.0	0.0	2.0	3.0	0.0	5994.669916643899	0.16046620015365431	1.107296027401032	5989.111084240989	6007.574244047181	0.9543141529296774	-20.785423405124817	0.4584327061103568	-1.858950018761186	-2.447917720640576	-6.986802020737979	13.823629766182625	0.492384958610077	0.9071019497028786	0.9457459225951178	0.9634503238289661	2.442580979336786	2.9405910261228687	-8.324611874265903	1.621195265672457	-7.979225488154608	-4.915207772498736	-6.5971594707582115	2.9001402603358346	8.67872178777732	16.121973888951796	1.725910525370501	-0.9381075244998919	-1.8492372447916825	-3.0715711246574022
mpc239																								0.0	5995.410907076085	0.2273426884149652	0.33064751645169915	5989.999236963696	6007.922013876111	1.0253205858735213	-20.64904157375465	1.8361380046500373	-1.17129913410295	-12.823872786118468	-10.270571291336148	-3.113342427478044	0.6176582965405235	1.0850919911022467	0.8951529721481268	0.9233738247104603	2.2635502926012867	2.081368928546233	-8.021161064944364	-1.1379821429668648	-7.043269928085106	1.0045699772182692	-8.242019973956216	3.8835287250106765	-3.1924125443194535	6.886124745123965	2.5881005142226123	0.07272286085489732	-0.12351607464075268	-2.4597447847360514
AN24																								0.0	5996.472752655833	0.22802213768183455	0.3615183635709685	5990.130432006352	6008.4704850236985	1.0088353194799216	-20.42868898785047	1.4280146150860107	-0.9379037240542061	-3.274499311153016	-13.640611622338682	0.5305969002768671	0.41031384693997885	1.0092041782482573	0.9483659983188957	0.9790068627115481	2.6745323879479104	2.565706113070985	-6.653588962653037	-0.09285084062264683	-8.070756672446587	-0.08562069812293714	-5.9098509207348275	3.090105255651736	2.637659658528733	3.4450484488302946	1.4322797041986415	-0.14781122297919794	-0.5294676068697368	-1.3537204948156076
K2CrO4					0.0	6.0	4.0	0.0	0.0	0.0	0.0	0.0	0.0	0.0	0.0	0.0	0.0	0.0	0.0	0.0	0.0	4.0	4.0	0.0	6005.507511150791	0.17082740906391747	2.543164529412452	5993.192214266338	6012.929993888979	0.8777856268690187	-19.67452274555953	-3.7574044567675706	-1.1490480812247081	28.03864612953147	-13.786404493542529	-7.5250610298524965	0.21084070555649823	0.25790146031328287	1.1856460010410013	1.1387091816961132	6.000015810577865	6.207767137167046	9.134999060173438	-5.007821563106973	9.720442189489255	1.4318198711762193	8.842963983177096	2.500767360089552	19.760426022062777	-6.325661969216014	-6.230659980719252	0.235434591537853	-4.070706706852388	3.011851073534039
V.4t.1	0.0	2.0	1.0	4.0	3.0	5.0	1.0	0.0	0.0	0.0	3.0	0.0	0.0	0.0	0.0	0.0	0.0	0.0	0.0	0.0	0.0	4.0	4.0	0.0	6003.766781048772	0.1929347369867478	1.892639109212422	5992.367657885306	6012.017071490944	0.9401960756478807	-20.550633345744288	-3.0655646483941803	0.11925202820321346	28.098544683389708	4.4054038711959995	-2.3523266156086953	0.1050660896308885	0.42856818989559037	1.179294810684934	1.0818403715203682	5.12720930564561	5.094618009558221	7.801885098442408	-3.5830348793644005	8.414210772853886	0.6357872865761797	7.762096933050368	2.205778167761537	12.558938331554684	-7.049674498054713	-4.012477812805929	-0.5279206331083934	-2.2220909975635594	1.8622909003113224
II.4p.3	2.0	1.0	0.0	3.0	4.0	2.0	0.0	0.0	0.0	0.0	4.0	0.0	0.0	0.0	0.0	0.0	0.0	0.0	0.0	0.0	0.0	1.0	4.0	0.0	5994.959501845432	0.25233410183313265	0.24093737234181484	5989.480541844801	6007.570395282842	1.0555102843428523	-20.963369812464407	2.1965438931593986	-1.4323686506862474	-11.685996168266266	-13.116410610543152	6.823121763122286	0.6737951972584217	1.1652913794456519	0.9112017919539023	0.9583075797173959	1.8941819762971686	1.9459319435657083	-8.60844647876979	-1.6485491226524254	-10.196428656851445	-3.9109713832629063	-9.073249839463672	4.389173908439934	-0.9534530430998693	9.116244396604834	3.3435394642199006	-0.33893054945963197	-0.33472807285221845	-3.3393651973917917
III.4t.1	1.0	2.0	0.0	5.0	3.0	3.0	0.0	0.0	0.0	1.0	3.0	0.0	0.0	0.0	0.0	0.0	0.0	0.0	0.0	0.0	0.0	4.0	4.0	0.0	5999.561862925275	0.2793073637104422	0.8794208393746539	5990.511651694435	6009.71951199501	1.090605631541111	-21.2925747379577	0.2791068457396626	0.9395895063631621	-1.0583334290720543	15.24692814212261	3.2459584248373616	0.12034533292358789	0.8798157548204442	0.9685757382893758	0.9522771114004249	2.966549246154548	2.798794102022854	2.893117987715623	1.6894999229003318	1.0283842023512655	-0.9303629212876524	0.5819846455082297	0.39019445616396103	-5.635859899672244	1.4892329633242967	1.305112414416041	-0.0943759274039622	1.4238946224555127	-0.5767946056669339
II.4p.7	2.0	1.0	0.0	3.0	4.0	2.0	0.0	2.0	2.0	0.0	0.0	0.0	0.0	0.0	0.0	0.0	0.0	0.0	0.0	0.0	0.0	1.0	4.0	1.0	5995.6232364118605	0.20426192819049094	0.052820043302577155	5988.612573638449	6008.125234972694	1.0405461719150593	-20.93471469391094	1.6960010789435345	-0.9770527333439136	-10.606670625832635	-6.418249170424516	-2.3862138979067025	0.4883487487555826	1.2068990143874452	0.8849496764434608	0.925745407674887	2.3006936915249634	1.5484140092568137	-8.153699090693717	-0.54717186586495	-6.600454249804526	1.8293132261503084	-7.358729016747337	4.9413556075214835	-3.5007135392930766	6.052397201151707	3.1025820172540417	-0.050639745607562035	0.19436517281541033	-2.901230991864894
CrO3.1					0.0	6.0	2.0	0.0	0.0	0.0	0.0	0.0	0.0	0.0	0.0	0.0	0.0	0.0	1.0	0.0	0.0	4.0	4.0	0.0	6003.663560235301	0.21880256144817478	2.0850943627571414	5993.35078625387	6011.902650112443	0.9589019401286647	-20.259909777978685	-2.5895789330574965	-0.2357520962537627	15.720683196073072	-5.697623186260398	-4.861611833035901	0.22691253933778974	0.4137030977135363	1.0967477880033618	1.0660198382170518	4.959078631228554	5.277225609327644	7.7218242211185215	-4.385234024765578	9.064794479833948	-0.25158204757004043	7.799151510219175	1.3798502981608791	10.1306907583478	-4.339058244263441	-3.8127663736293025	0.43342638445252973	-2.0409623538999018	2.0080467852986783
III.4t.2	1.0	2.0	0.0	5.0	3.0	3.0	0.0	0.0	0.0	0.0	4.0	0.0	0.0	0.0	0.0	0.0	0.0	0.0	0.0	0.0	0.0	4.0	4.0	0.0	6000.06940777558	0.2533376651271213	0.8629285034602051	5990.512413531689	6010.0733128932325	1.0625418734266792	-20.92818261147249	-0.16468905635041486	1.0837225240896005	2.0463804764677223	21.167708618644454	4.597630035240528	0.08657357897578338	0.7985438268264033	0.9640699693303189	0.9387328841348217	3.3257254585604805	3.057549947910915	3.1533828166628286	1.3116425754924455	2.693129830966899	0.09579457470944919	1.3109626719709495	-0.0993282220643852	-5.736586365637914	-2.88197218725342	0.6737093762909866	-0.2730164547877793	1.2899384341298357	0.12889807450878332
mpc329																								0.0	5998.550558659689	0.23990567610902747	0.4399097677746312	5990.1464819913635	6009.380109451611	1.0847017318467855	-20.83695367613401	0.9350384776020781	0.46450348214187764	-7.271651503595457	1.2768787130813186	-1.7784125829438557	0.22618793430755635	0.9012241974909312	0.9188056405078129	0.9288702059359731	2.7991444950122064	2.7042125195573012	-0.27804476437653497	1.4791760692592795	-2.4813895114048767	0.5260314179328905	-1.7768653454052519	-0.14116912584461624	-5.667801538983615	1.657815320608354	1.5929321270566015	0.5914924740703275	1.1197250867952115	-0.7520826108612142
II.4p.5	2.0	1.0	0.0	3.0	4.0	2.0	0.0	0.0	0.0	2.0	0.0	0.0	0.0	0.0	0.0	1.0	0.0	0.0	0.0	0.0	0.0	1.0	4.0	0.0	5994.348075055899	0.2134077113512758	0.2619019468670848	5988.919755371497	6007.352647067846	1.033560796384273	-21.0897473470458	1.610686373325402	-1.7576626880934572	-10.755702404714029	-11.440615246331648	6.42596370082329	0.6296862251834703	1.1148596538337898	0.9364755744792055	0.9518848731634401	1.8847973624201606	2.0515449350803197	-9.279066535253127	-0.6731480856822722	-10.225256752932193	-4.377076125339155	-8.718826269583007	4.30553591823801	0.27042659556654325	12.405324569578836	3.234995598328663	-0.521688667325809	-0.7654618098513123	-3.7682626762965277
PY-CO-Et																								0.0	6000.83790241505	0.2828507199412542	1.2364957859546533	5992.908999207604	6010.520810072106	1.0309981932264567	-20.166565367762516	-0.1304959542850772	0.7881063272328315	-7.60406593846495	0.23096800463088402	-6.725035732436012	0.14256303224237785	0.6880152134578257	0.89432957797689	0.8847792738978187	3.75869242316207	3.357573383705641	0.988190429884359	-0.5458594793628718	-2.9080020208820736	1.775157478374191	0.10314216048205241	-3.7940510029968735	-9.049021877400888	-6.8105136008687275	-0.4691735340606998	1.1025093747663395	1.3055761112610749	1.8026815406030052
IV.4t.2	0.0	3.0	0.0	3.0	2.0	4.0	0.0	0.0	0.0	0.0	4.0	0.0	0.0	0.0	0.0	0.0	0.0	0.0	0.0	0.0	0.0	4.0	4.0	0.0	6002.654825220893	0.21616774214161016	1.40089994494853	5991.439283793735	6011.441495855589	0.9697202712680171	-20.466127522451657	-2.2044586971860345	0.8781526577010208	26.701750653090116	15.583281173903437	2.116475530864167	0.06489345003175638	0.5171210171769767	1.109280885509301	1.020380713606426	4.629944835119748	4.461243245890894	6.658887822584175	-2.8178130773263583	6.047834436238143	0.6177237670553984	6.478452737705621	1.4129391457826155	6.5404969819551075	-10.47466124012706	-2.6515137175623837	-0.854342241760899	-0.8721502662511825	1.845383821498931
Na2CrO4					0.0	6.0	4.0	0.0	0.0	0.0	0.0	0.0	0.0	0.0	0.0	0.0	0.0	0.0	0.0	0.0	0.0	4.0	4.0	0.0	6005.078004509149	0.17168482209380498	2.7654530590670126	5993.175814600185	6012.694232968482	0.8972661530829299	-20.064731288417477	-3.6376294012309174	-1.1574916418716708	26.875366592169016	-11.751657821175145	-7.276464270507841	0.2363450174611536	0.3087869315675821	1.1803882184745467	1.1365519297597166	5.756464563665786	5.997437375567113	9.000769870779166	-5.085496014630244	10.189234504599543	1.0542900073598176	8.889367280355867	2.403034491525701	19.013159870740104	-3.8464031462935537	-5.726742220279901	0.26173048793992687	-3.951664376356969	2.2500547660682675
II.4p.4	2.0	1.0	0.0	3.0	4.0	2.0	0.0	0.0	0.0	2.0	0.0	0.0	0.0	0.0	0.0	1.0	0.0	0.0	0.0	0.0	0.0	1.0	4.0	0.0	5994.752004648363	0.20570513811994462	0.15131373972231105	5989.75227403	6007.683292671262	1.0532871790976452	-20.97587354194163	1.8435971055197296	-1.7409644534986195	-10.61345160731142	-17.411402517611588	6.23427768700875	0.5850328859480769	1.178693013916621	0.9170200453361141	0.9777115693044707	1.9724630810553607	1.9649557527339565	-9.268094275116056	-1.354376198444025	-10.556292296243473	-4.147495186401903	-8.5531308779007	4.984138129188308	1.2412298432800608	10.765903081184273	3.028733916442737	-0.12917535498333665	-0.7453789886545399	-3.4352728505607657
III.6o.2	3.0	2.0	0.0	5.0	6.0	3.0	0.0	0.0	0.0	0.0	0.0	0.0	0.0	0.0	0.0	0.0	3.0	0.0	0.0	0.0	0.0	6.0	6.0	0.0	5999.977935627136	0.3369633334937918	0.3189131504397264	5990.991244554708	6009.8445539023005	1.1063086072742718	-20.64949859356945	0.9249257868500738	1.2706597077693824	-14.280512646998105	0.40280321487903414	-2.868518821837244	0.0994069790485874	0.8991597577731522	0.8516441661530527	0.8790219567190716	2.9552163439804984	2.4922832235181898	0.746056130045243	2.707551113126617	-1.4720026280927108	-2.577560410535728	-1.7352638509739737	-3.7192552746687357	-11.852092065758686	-1.0291343612593145	1.721697588820161	1.0303443156314491	2.687738711439787	0.8022789627531748
III.6o.3	3.0	2.0	0.0	3.0	6.0	3.0	0.0	0.0	0.0	3.0	3.0	0.0	0.0	0.0	0.0	0.0	0.0	0.0	0.0	0.0	0.0	6.0	6.0	0.0	6000.061391868632	0.3512271838493284	0.4153226980732585	5991.162662868823	6009.84414555776	1.1173715206047592	-20.891175926909554	0.77390462452536	1.2103166903513154	-6.3881267595439795	3.85794145036754	0.09318015783657152	0.07856820631327523	0.9154890519511277	0.8915268846635964	0.9550373592420323	2.895271824908623	2.8090105826818714	0.875253304869349	2.6042460795373827	-1.0001818783594751	-0.8970667022406961	0.01099225919163294	-0.9707636809185981	-5.469795741307673	0.5334685806648378	1.454762014152466	0.584512771805082	2.3017350577050584	0.5880728781528933
0.6o.1	5.0	0.0	0.0	3.0	8.0	0.0	0.0	5.0	0.0	0.0	0.0	0.0	0.0	0.0	0.0	0.0	0.0	0.0	0.0	0.0	0.0	6.0	6.0	1.0	6000.321292876629	0.5104110119638727	1.4042376200589435	5994.512697925056	6009.7162560101515	0.9498043125984713	-21.149808006779402	0.24680594748460138	0.6391936504172868	2.433749693648804	16.999035145345424	-7.454660388808902	0.22026453785958602	1.0393993705350837	1.0261221205953917	0.8750425249003457	3.724519836631283	1.5490963814409995	-1.808707092514352	5.139425842357052	-2.5674571582831627	5.514059827745655	-0.6717492938702636	1.8275308633869423	-13.344963033071727	-13.027775791520416	0.4758540515608447	-1.8401461047165493	2.358894581338028	1.715173629280299
CrO3.2					0.0	6.0	2.0	0.0	0.0	0.0	0.0	0.0	0.0	0.0	0.0	0.0	0.0	0.0	1.0	0.0	0.0	4.0	4.0	0.0	6004.196183958789	0.17129636795547376	3.1029637552565137	5993.378604493437	6012.353073721132	0.9111740419958918	-20.074277977734234	-2.9528941675031204	-1.0271628367429568	21.260358196441544	-9.911617949010342	-1.8971677738855743	0.4000367890387765	0.4222753565433844	1.123482367084431	1.0891519833961467	5.481107374357762	5.395446873693183	8.606035710535133	-4.47225597368197	9.69163317587029	-0.1912334071595451	8.696498526077821	1.1323861853599977	16.201593787650857	-2.2359979363264233	-4.82196582534847	0.3073606019577461	-3.6936466066088163	1.5478490158417257
III.5y.3	2.0	2.0	0.0	5.0	5.0	3.0	0.0	0.0	0.0	0.0	3.0	0.0	0.0	0.0	0.0	0.0	1.0	0.0	0.0	0.0	0.0	3.0	5.0	0.0	5999.956317945563	0.28022769792823543	0.654838238700475	5990.610469072532	6009.968285605885	1.0859635803265593	-20.888256173626345	0.2848551649451383	1.0266464493130523	0.2619323914300411	8.738371785176762	2.6249126229970594	0.10048650812651648	0.8163457019957275	0.9569955933902246	0.9552896661523157	3.137659515693419	3.1055858681567665	1.851478537122776	1.4497966460676834	0.38741390417147475	0.06888506509135246	0.948063117300762	0.17235319333546073	-3.8368224710259993	-1.185102024356438	0.8368003163937022	0.17550979776578357	1.3425450248773858	0.2068441967308718
III.4t.3	1.0	2.0	0.0	3.0	3.0	3.0	0.0	0.0	0.0	0.0	4.0	0.0	0.0	0.0	0.0	0.0	0.0	0.0	0.0	0.0	0.0	4.0	4.0	0.0	6000.144050768275	0.2734510029764168	0.8074840930790894	5990.64674541122	6010.072201694715	1.075482461415627	-20.935875455749994	-0.023155106701217898	1.1915763866367888	-1.1176769405208455	18.965864031950424	2.1303227936062377	0.07948229935034712	0.8054907449532274	0.9597295011532966	0.9304286574578144	3.2552347757388373	2.9820798584704105	3.051421092159609	1.323092284878666	2.5379954456330096	0.029800065172963703	1.3568874544267444	-0.2441652618001369	-7.674823156976231	-3.5582529699127203	0.8053984400756481	-0.035205727376015655	1.608744875104399	0.2740741958480197
II.6o.1	4.0	1.0	0.0	3.0	7.0	2.0	0.0	4.0	0.0	0.0	2.0	0.0	0.0	0.0	0.0	0.0	0.0	0.0	0.0	0.0	0.0	6.0	6.0	1.0	6000.500679778091	0.4620683677817654	0.33783099426950947	5991.698170223049	6009.841514632892	1.0619125648127172	-20.772638260261726	0.8604196055424091	1.4045988244043548	-12.565501867150306	6.6074374176126875	-12.773359942414407	0.12245759074582825	0.9884024303302326	0.8717736308303488	0.8460731912879604	3.1930303000093088	1.8705915547330945	-1.283093963716171	4.427424992998051	-2.9827796236058175	4.3023301548387956	-2.5186950210034103	-3.7360139693735026	-15.952379101477614	-7.910342314740532	1.729361864123786	0.2625751439446769	3.6248708166148247	1.677033462590738
II.4p.6	2.0	1.0	0.0	5.0	4.0	2.0	0.0	0.0	0.0	0.0	2.0	0.0	0.0	0.0	0.0	0.0	1.0	0.0	0.0	0.0	0.0	1.0	4.0	0.0	5995.027759622486	0.20724778711346836	0.19377401519976117	5989.07900878298	6007.799750118058	1.0635167431766948	-21.186730996228015	1.6844120023252627	-1.4517290359304944	-8.431378070383701	-9.002705203131782	6.937278418627174	0.5423074473347939	1.167024714933944	0.9369661970467225	0.984673112224134	1.98562927093871	2.0007364458599	-9.143368880528836	-0.7351682102551459	-10.001723904411525	-4.158183379730388	-8.375978906366738	5.099263229881818	1.7703726633157149	11.74395918108789	3.132513731116307	-0.37313506196140306	-0.5400308828410056	-3.6072513882087978
Cr					0.0	0.0	0.0	0.0	0.0	0.0	0.0	0.0	0.0	0.0	0.0	0.0	0.0	0.0	0.0	0.0	1.0	7.0	8.0	0.0	5995.990086371984	0.1224847380324996	0.010936734455380496	5987.420529764734	6008.7129414528135	0.9045743123963036	-20.394345217156285	-0.036769236512411485	-1.5569649293205385	15.584177998473223	-5.285380621772601	26.305246403446972	0.4250363313249483	0.8563931899308831	1.0521705088600086	1.0529528554282577	3.379561351763531	3.47183667674158	-7.731219468546997	2.1457097165613557	-6.7765181822459155	-4.339623695946074	-4.719554169455483	2.551530502864819	9.384402637967732	-0.7818428768770846	0.7273372441142384	-2.329340695557854	-2.908432080785897	-2.2013661720699083
md18																								0.0	5998.409622228534	0.2431934225277148	0.2149888817006445	5990.420931798496	6009.380011880832	1.0509826047174338	-20.36894146838904	1.26578505490129	0.3787372206554278	-14.047528324129843	-5.4255456360914875	-5.1263034800950384	0.255426990708181	0.9284027764452647	0.8478576267808958	0.8847035382199884	2.98106395052693	2.4698657011550362	-1.1488431334860616	1.5459770193584412	-4.835989205186837	1.211465835507035	-2.4334472077394094	-2.43953442094422	-9.054623762722077	-0.541653558555993	1.6624912570891677	0.9400866609657965	1.3946470267278295	-0.13237722765689802
II.4p.1	2.0	1.0	0.0	3.0	4.0	2.0	0.0	0.0	2.0	2.0	0.0	0.0	0.0	0.0	0.0	0.0	0.0	0.0	0.0	0.0	0.0	1.0	4.0	0.0	5995.034659950791	0.21811650392463156	0.17079236547815393	5989.644590783344	6007.684417717404	1.0483071555257975	-20.831472991915504	1.99394207033475	-1.2766019600668232	-13.507136144658784	-11.000882374741703	5.548007575118905	0.7501258371824263	1.0746231467290202	0.8970532767057328	0.959754866422411	2.0	2.400757492320233	-8.37145012183735	-1.6436172862480307	-9.874164961979252	-3.704921107286459	-9.297046828206119	3.889405576476641	-2.3818207284762765	7.217564348024532	3.0975471912529695	-0.11179070171895543	-0.5281018203737777	-3.3121670102997833
PY-CO																								0.0	5999.9464223098885	0.2784588184643013	1.1335214538812894	5992.910919198665	6010.071999721257	1.0395586432799504	-20.243249972180006	0.45506253025878585	0.6028196941713408	-11.376471247419701	-1.1871411681288078	-4.823942079884128	0.20285427814446466	0.7656203105615113	0.8703242986168118	0.8638973966014122	3.448991300263203	2.967735729180265	0.28880392031982927	0.10750820992705161	-3.806439018174721	1.325879748036067	-0.7561171513669446	-3.9199757357894276	-10.498177840459203	-4.404538110098493	0.262351610726912	1.0845143794905425	1.4422716510464817	1.2049626900147743
III.5y.1	2.0	2.0	0.0	4.0	5.0	3.0	0.0	0.0	0.0	0.0	5.0	0.0	0.0	0.0	0.0	0.0	0.0	0.0	0.0	0.0	0.0	3.0	5.0	0.0	5999.546761388528	0.263468540867702	0.7284554037742859	5990.771229456457	6009.846988758117	1.0839803451350924	-20.785077007526247	0.48813335888958287	0.8973433952240213	-4.8357376218378665	5.804295024484768	2.2694057554762965	0.1017804811083538	0.816192747869405	0.9222831129723252	0.9274619745175801	3.077147938433952	3.0043993992956692	1.3741714941946312	1.4370762834604334	-0.31466755074966	-0.176438890808784	0.7137165004401558	-0.9433517522948888	-6.312811082545325	-0.3052568758386198	1.0176988930824014	0.517095351701627	1.4143510384416194	0.12559822373318896
III.5d.1	2.0	2.0	0.0	4.0	5.0	3.0	0.0	0.0	0.0	2.0	3.0	0.0	0.0	0.0	0.0	0.0	0.0	0.0	0.0	0.0	0.0	5.0	5.0	0.0	6000.412808521401	0.3191338337222924	0.6273144904615118	5990.6988047889	6010.069771206496	1.134384339763849	-21.305097265156455	0.3151732338812898	1.496000107104473	-6.930141031315196	17.170909688210624	1.2843506169677048	0.07331323465406642	0.8350078022089338	0.9248531200673541	0.9421169174575246	2.9359237837201975	2.9999999999999996	2.6436724861960035	2.5513311903669282	0.765971750160188	-2.031258613744857	0.7176109167435768	-0.7479079768337229	-9.962250368641602	0.2138848094006498	1.5585579709942856	0.4569982969064695	2.406606170253897	-0.013338091279931323
VI.4t.1	0.0	1.0	2.0	0.0	4.0	6.0	2.0	0.0	0.0	0.0	2.0	0.0	0.0	0.0	0.0	0.0	0.0	0.0	0.0	0.0	0.0	4.0	4.0	0.0	6005.106085023358	0.17602958161681914	2.381980366817317	5993.178366875939	6012.694821254044	0.9091699527729499	-20.353878764148405	-3.6592381912068657	-0.7940699646947116	28.179019348898454	-8.566529069838364	-5.470891943784351	0.23504439903199567	0.3315186341412556	1.216616222301615	1.1439732489728969	5.692567048340904	5.870752184354043	8.55007332527672	-4.894661255888701	10.722188501521304	0.19775101378692528	9.09703749611422	2.4107754455726913	18.820859127095197	-3.5295484242241852	-5.3938928576981935	-0.07908396893578706	-3.6974657349987567	2.029696212269698
II.4p.2	2.0	1.0	0.0	3.0	4.0	2.0	0.0	0.0	0.0	0.0	0.0	0.0	0.0	0.0	0.0	0.0	2.0	0.0	0.0	0.0	0.0	1.0	4.0	0.0	5996.574418260793	0.2139991378989523	0.1697089747267721	5989.547569037994	6008.469670542563	1.0892579636557087	-21.197631051400315	1.7034357678893688	-0.28283622087167615	-16.949920210538536	-1.5508344772768088	2.2037675312022698	0.41626762460859007	1.0171321904009885	0.8607657068810904	0.9492873084286868	2.2400260384306576	2.530407479300391	-6.8503718795623385	-1.8039845794917302	-2.8571598111006233	-3.955200220867751	-6.327341086918405	4.229081973358713	-7.282764914971057	9.723996690422188	3.0558167929967954	0.5469170097492937	0.7899266647538166	-2.6418685224601512
III.6o.1	3.0	2.0	0.0	4.0	6.0	3.0	0.0	2.0	0.0	0.0	4.0	0.0	0.0	0.0	0.0	0.0	0.0	0.0	0.0	0.0	0.0	6.0	6.0	1.0	6001.2443088551945	0.4408032029020812	0.77401851397812	5992.529109711804	6010.302696942111	1.0899691986188593	-20.50169958377811	0.4025038474382907	1.5636389645877027	-5.49223885298894	4.565967832654296	-6.0911148108259106	0.11197391860912696	0.7547242169598852	0.8864802905310215	0.8724404382232053	3.3123785928030243	2.999901172843845	0.46466474514861694	3.925699943582929	-1.9950531625831271	1.8055019929715923	-0.31814085843937845	-3.737251784814466	-9.832192976658273	-7.15038035754838	0.6322154886956781	0.6478521084537366	3.014528398175687	2.3245988021404314
Cr2O3					0.0	2.9999	0.0	0.0	0.0	0.0	0.0	0.0	0.0	0.0	0.0	0.0	0.0	0.0	2.0	0.0	0.0	6.0	5.9999	0.0	6000.1799934731835	0.3628897907512676	0.6976960810959896	5993.501430110362	6009.966348373798	1.111303386608989	-20.876051844122998	0.73101761374797	1.2294089015994523	-18.392173737715677	1.3825211536800328	-5.526797069674664	0.12249468197024409	0.8054551203972335	0.878404871156579	0.8864788703735674	2.9997672594153424	2.892245668005702	0.6661026081688123	2.754968029025456	-1.7571601648123458	-3.520569976736891	-0.6555544966771777	-3.5178358903379103	-15.673170697174776	-2.9545933100789217	1.2143002084140897	1.2507843374909078	2.7898768903156936	1.1046882899093646
IV.4t.1	0.0	3.0	0.0	3.0	2.0	4.0	0.0	0.0	4.0	0.0	0.0	0.0	0.0	0.0	0.0	0.0	0.0	0.0	0.0	0.0	0.0	4.0	4.0	0.0	6001.786776402134	0.1805187168108866	1.549143303583986	5991.124267160351	6011.105245863883	0.9936666763213207	-20.84443716062565	-1.795606562841198	0.6402710535455369	22.285545210662143	18.264559138798685	7.154816087260524	0.09671780194976518	0.5933456458468301	1.0977036055525153	0.9930491304797858	4.303293659166862	4.000049266629275	6.458629289566462	-2.5665265146761658	5.360167257428571	0.4821215487366444	6.240176960152929	1.3278159551316744	4.7960036629262195	-3.9343672286711167	-1.74111366517254	-0.8545711961130992	-0.8548373517837212	0.6141337979319156
IV.4t.3	0.0	3.0	0.0	3.0	2.0	4.0	0.0	0.0	0.0	0.0	0.0	0.0	4.0	0.0	0.0	0.0	0.0	0.0	0.0	0.0	0.0	4.0	4.0	0.0	5998.001821045622	0.19320976079947783	2.4778356296272395	5989.875692332305	6009.1656084041	0.9810804876865011	-20.637541795763802	0.2913144325121799	-0.3752377572284017	-2.8935480707360237	-0.009440357172530778	17.620144786961358	0.2534872568730325	0.81931277790678	0.9580433858272818	0.9628656026113086	3.2324357468947533	3.196083431571448	-6.5771904219590125	2.8229683098113205	-7.155199571832924	-5.488417533738611	-1.6571884609378027	0.7260458278019681	4.340434403785929	10.416637083658305	0.35790993151340306	-0.2379720903687989	-1.1559222447371362	-1.3290674757633179
III.5y.2	2.0	2.0	0.0	4.0	5.0	3.0	0.0	0.0	0.0	0.0	5.0	0.0	0.0	0.0	0.0	0.0	0.0	0.0	0.0	0.0	0.0	3.0	5.0	0.0	5999.670956111521	0.2748599518924033	0.6282321528962362	5990.7299434624165	6009.845914585416	1.1016386785116725	-20.86570421109017	0.6503895939855242	0.9773415176395117	-5.962084010239097	6.681434331361	2.1224952270464534	0.13262348274638058	0.8398116043796561	0.9115481465152149	0.9412090263761881	2.9812180759852884	3.023968488891165	1.1949343058648805	1.7530153519144411	-0.4607269641441065	-0.46731268306318813	0.17701445371250984	-0.7069105275509736	-5.377968303380603	1.4995170248602219	1.2532430578866953	0.590202694747439	1.5856645348903318	-0.020576732841901937
G3																								0.0	5998.91570758456	0.25567307844617315	0.3794563932775049	5990.468563052853	6009.497541443175	1.0730979360967083	-20.586562382762594	1.079603093363895	0.6267925428444465	-12.32287990568842	-0.4367168678372717	-7.483677732886683	0.2165563623635191	0.9087021691769532	0.8721433067961989	0.9041317176511979	2.930714005184951	2.610692062329524	-0.7540995971217507	1.6498639572659717	-4.2378223770349335	2.041053983411274	-2.1966017306013783	-2.145757865828215	-9.178647112546654	-0.9744208909981853	1.5202436101680399	0.9890727432635799	1.58709200526056	-0.13576677902268244
AN3.1																								0.0	5997.54423442798	0.22933984981451405	0.4819521736002936	5990.714650151135	6008.931252911009	0.996679616422664	-20.263218901668587	1.0919092539360136	-0.44457783237341064	-4.213776503388879	-13.13134294322187	-1.6123667852807513	0.2851349866640991	0.9370952439987448	0.9199161802552625	0.9571084084359897	3.0106569245492887	2.7483573208930476	-6.050999211452448	0.24500084166179553	-7.962975132723032	-0.04339655121596376	-2.357829956150021	0.5504008340084797	0.8526735379489749	2.0239754878440284	0.8705921289057201	0.20976841169734306	-0.0983229562373438	-0.3665328224744912
III.6o.4	3.0	2.0	0.0	2.0	6.0	3.0	0.0	0.0	0.0	0.0	0.0	0.0	0.0	0.0	0.0	0.0	3.0	0.0	0.0	0.0	0.0	6.0	6.0	0.0	6001.122481604741	0.40729708568508394	0.16056288085308235	5991.247876181476	6010.303661211494	1.1602282556319843	-20.938553688303603	0.6860949913395356	2.096941927579464	-19.33708117255742	12.67934792990021	-7.699742218584568	0.06245775363772638	0.779215773009144	0.7816868632644264	0.8589758847160747	2.933767823933631	3.010991707253507	1.9428333322966378	3.8031914171420103	-0.06734191878244682	-3.334481786892213	-1.285985422203038	-5.076776487263157	-16.869042948651973	-1.1360873272234546	2.1164470652295604	1.5174952196876206	4.232079389814069	1.3646989025501326
G2																								0.0	5996.215122609383	0.21145475219605037	0.3181677897504621	5990.336047834858	6008.3726031232845	1.0344748452207038	-20.617407625722425	1.576632056415991	-0.7595278682981221	-11.276169478155406	-7.083346262950914	-3.427910636011086	0.5361023061418488	1.0184290503546554	0.8903297940780196	0.93228552415026	2.4786923704451285	2.4014623792693524	-7.143601640277543	-0.7678830635845082	-6.5863623521961685	0.6889861282005157	-7.39473433017809	3.9301250704330313	-3.8473380024041015	4.137202758357461	2.156545838955667	0.29794560692386696	0.05506459854073753	-1.9640932064598016
DT330																								0.0	5996.187113130525	0.15822336810431814	0.8410405196364126	5989.566342896257	6008.574354962102	0.9542458300934737	-20.33486417892829	0.5517179862971708	-1.1486660406235454	-1.230386487294736	-5.545276041412226	6.183033080986484	0.4480480502704143	0.9063251914984479	0.9438519092538832	0.9452819314681448	3.0301263790203214	2.816954447744365	-7.556773372534566	1.7403574944517275	-6.658460163422506	-2.390775722264721	-6.461009927830105	2.890149427924647	4.2294661281518025	6.638680066813472	0.996575551952078	-0.5379551452230524	-1.3129752106435215	-1.696395042961347
PD-Et																								0.0	6001.677313992378	0.27612042962618943	0.7979245874438573	5992.466612169073	6010.759435643915	1.0071986725210782	-20.45501410146171	-0.5533180980119172	1.0468775605750202	4.923951661804724	19.04401619324626	3.8944589013994744	0.09861016230898574	0.6591346060792048	0.871346200616115	0.8952939016557466	4.0272344630039445	3.5784801925048395	1.1882932645497393	-0.6898590458991561	-2.5818097448305344	2.054006315940141	0.293330946278897	-3.9191453930608344	-8.809807790712568	-6.617500425077212	-0.26071493484077496	-0.157367202073491	1.5081100364204996	1.7429492103926971
PD-CO-100K																								0.0	5998.525109123754	0.2913366992082276	0.37253821877668175	5990.70930459349	6009.250245720461	1.0458809639524864	-20.68800908443295	1.2742596319741213	0.44223076590852184	-8.677781749917846	-0.353672142752	-9.999095575202947	0.22753124496940388	1.096813468352248	0.8710059313177189	0.8786669120243993	2.932409478520002	1.6535454702102337	-1.7671991670436922	4.063729884059408	-3.219312050511489	3.5371169298436316	-3.1347523339575405	-2.7511138227746867	-9.735888993822899	-2.1324876758361024	1.875670794420526	0.4145147867251761	1.8313016542441876	-0.19541763742562457
PD-CO																								0.0	5995.8580505243235	0.1839368604381746	0.49966882789591005	5990.0639422285385	6008.021084898907	0.966900011132343	-20.700618007311654	0.8258310135274012	-1.2370255761151971	2.5357681045001033	0.8836765024658266	6.44181920484235	0.5851954843503294	0.9203166631781002	0.9446563809856056	0.941357254014849	2.637002540291377	2.7826041184526265	-7.707489872841443	1.1506775042727733	-6.6024854569896965	-2.0612618194917443	-7.461624025796327	2.9864078902809514	1.7280559161488065	5.797460386242718	1.6632886673082812	-1.0725060062592693	-1.0542296872002448	-2.3263189898908916
PD-Ca																								0.0	6004.617195980865	0.1772630145421099	2.466051125035779	5993.396801693404	6012.47296817207	0.9230922817795928	-20.4669625814595	-3.4224735143016853	-0.8167113609721274	23.097164317907982	-9.833865215353823	-5.821079441428736	0.2930779708440841	0.3877939774289003	1.215074268578837	1.1429492316653374	5.487177956170186	5.649030227935151	8.643376064408045	-4.4789625987147845	10.753453668492808	0.18466205181948206	9.235857706841276	2.2072787333463495	18.80231546197088	-1.5638582079606036	-5.015790915371231	0.08425651404386598	-3.629435200509856	1.589536108117096
